time,completed_rides,total_distance,total_cost
0,0,0,0
1,0,0,0
2,0,0,0
3,0,0,0
4,0,0,0
5,0,0,0
6,0,0,0
7,0,0,0
8,0,0,0
9,0,0,0
10,0,0,0
11,0,0,0
12,0,0,0
13,0,0,0
14,0,0,0
15,0,0,0
16,0,0,0
17,0,0,0
18,0,0,0
19,0,0,0
20,0,0,0
21,0,0,0
22,0,0,0
23,0,0,0
24,0,0,0
25,0,0,0
26,0,0,0
27,0,0,0
28,0,0,0
29,0,0,0
30,0,0,0
31,0,0,0
32,0,0,0
33,0,0,0
34,0,0,0
35,0,0,0
36,0,0,0
37,1,10,55.0
38,1,10,55.0
39,1,10,55.0
40,1,10,55.0
41,1,10,55.0
42,1,10,55.0
43,1,10,55.0
44,1,10,55.0
45,1,10,55.0
46,1,10,55.0
47,1,10,55.0
48,1,10,55.0
49,1,10,55.0
50,2,23,102.5
51,2,23,102.5
52,2,23,102.5
53,2,23,102.5
54,2,23,102.5
55,2,23,102.5
56,2,23,102.5
57,2,23,102.5
58,2,23,102.5
59,2,23,102.5
60,2,23,102.5
61,2,23,102.5
62,2,23,102.5
63,2,23,102.5
64,2,23,102.5
65,2,23,102.5
66,3,54,180.0
67,4,73,227.5
68,4,73,227.5
69,4,73,227.5
70,4,73,227.5
71,4,73,227.5
72,4,73,227.5
73,4,73,227.5
74,5,104,305.0
75,5,104,305.0
76,5,104,305.0
77,7,161,447.5
78,7,161,447.5
79,7,161,447.5
80,7,161,447.5
81,7,161,447.5
82,7,161,447.5
83,8,197,537.5
84,10,254,680.0
85,10,254,680.0
86,10,254,680.0
87,10,254,680.0
88,11,278,740.0
89,12,314,830.0
90,14,385,1022.5
91,16,439,1157.5
92,18,481,1292.5
93,20,568,1510.0
94,21,603,1597.5
95,21,603,1597.5
96,21,603,1597.5
97,21,603,1597.5
98,22,637,1682.5
99,24,724,1900.0
100,24,724,1900.0
101,24,724,1900.0
102,25,744,1950.0
103,25,744,1950.0
104,26,783,2047.5
105,29,884,2315.0
106,32,979,2552.5
107,33,1036,2695.0
108,33,1036,2695.0
109,34,1063,2762.5
110,37,1182,3075.0
111,37,1182,3075.0
112,37,1182,3075.0
113,38,1224,3180.0
114,39,1269,3292.5
115,41,1365,3532.5
116,41,1365,3532.5
117,45,1493,3852.5
118,47,1585,4082.5
119,49,1636,4225.0
120,50,1661,4287.5
121,50,1661,4287.5
122,53,1705,4427.5
123,54,1787,4632.5
124,54,1787,4632.5
125,56,1831,4742.5
126,56,1831,4742.5
127,56,1831,4742.5
128,56,1831,4742.5
129,56,1831,4742.5
130,56,1831,4742.5
131,57,1900,4915.0
132,59,1927,5012.5
133,59,1927,5012.5
134,60,1980,5145.0
135,60,1980,5145.0
136,61,2028,5265.0
137,62,2056,5335.0
138,64,2150,5570.0
139,66,2252,5825.0
140,68,2343,6052.5
141,69,2377,6137.5
142,69,2377,6137.5
143,72,2462,6365.0
144,72,2462,6365.0
145,74,2575,6647.5
146,76,2657,6852.5
147,79,2772,7140.0
148,81,2868,7380.0
149,81,2868,7380.0
150,81,2868,7380.0
151,83,2954,7595.0
152,83,2954,7595.0
153,83,2954,7595.0
154,84,3024,7770.0
155,85,3052,7840.0
156,87,3092,7985.0
157,87,3092,7985.0
158,87,3092,7985.0
159,88,3130,8080.0
160,88,3130,8080.0
161,90,3216,8295.0
162,90,3216,8295.0
163,90,3216,8295.0
164,91,3242,8360.0
165,94,3393,8737.5
166,96,3529,9077.5
167,99,3604,9265.0
168,101,3645,9412.5
169,102,3654,9465.0
170,104,3729,9652.5
171,106,3834,9915.0
172,107,3879,10027.5
173,109,3963,10237.5
174,109,3963,10237.5
175,110,4002,10335.0
176,113,4128,10650.0
177,114,4174,10765.0
178,114,4174,10765.0
179,114,4174,10765.0
180,114,4174,10765.0
181,114,4174,10765.0
182,116,4259,10977.5
183,118,4334,11165.0
184,118,4334,11165.0
185,120,4440,11430.0
186,121,4456,11470.0
187,122,4511,11607.5
188,123,4557,11722.5
189,123,4557,11722.5
190,123,4557,11722.5
191,124,4610,11855.0
192,125,4656,11970.0
193,127,4759,12227.5
194,128,4810,12355.0
195,129,4832,12410.0
196,129,4832,12410.0
197,131,4923,12637.5
198,131,4923,12637.5
199,131,4923,12637.5
200,132,4952,12710.0
201,134,4994,12815.0
202,135,5016,12870.0
203,136,5021,12927.5
204,139,5119,13187.5
205,140,5157,13282.5
206,140,5157,13282.5
207,140,5157,13282.5
208,140,5157,13282.5
209,142,5246,13505.0
210,143,5277,13582.5
211,145,5351,13767.5
212,148,5443,14027.5
213,150,5478,14115.0
214,152,5582,14375.0
215,155,5722,14725.0
216,156,5761,14822.5
217,156,5761,14822.5
218,159,5890,15145.0
219,159,5890,15145.0
220,160,5907,15187.5
221,161,5911,15242.5
222,161,5911,15242.5
223,161,5911,15242.5
224,162,5939,15312.5
225,165,6085,15677.5
226,166,6124,15775.0
227,167,6160,15865.0
228,167,6160,15865.0
229,168,6220,16015.0
230,169,6241,16067.5
231,169,6241,16067.5
232,170,6271,16142.5
233,171,6277,16187.5
234,172,6281,16242.5
235,174,6298,16345.0
236,174,6298,16345.0
237,174,6298,16345.0
238,174,6298,16345.0
239,175,6328,16420.0
240,176,6349,16472.5
241,178,6417,16642.5
242,179,6449,16722.5
243,179,6449,16722.5
244,179,6449,16722.5
245,181,6540,16950.0
246,182,6583,17057.5
247,183,6644,17210.0
248,183,6644,17210.0
249,183,6644,17210.0
250,184,6660,17250.0
251,184,6660,17250.0
252,186,6751,17477.5
253,188,6843,17707.5
254,189,6896,17840.0
255,189,6896,17840.0
256,189,6896,17840.0
257,190,6945,17962.5
258,191,6980,18050.0
259,192,7056,18240.0
260,193,7100,18350.0
261,193,7100,18350.0
262,195,7165,18512.5
263,196,7188,18570.0
264,198,7270,18775.0
265,201,7381,19052.5
266,201,7381,19052.5
267,203,7419,19147.5
268,205,7468,19270.0
269,207,7549,19472.5
270,207,7549,19472.5
271,209,7636,19690.0
272,210,7665,19762.5
273,212,7718,19895.0
274,213,7767,20017.5
275,215,7821,20197.5
276,215,7821,20197.5
277,216,7842,20250.0
278,217,7869,20317.5
279,219,7951,20522.5
280,221,8056,20785.0
281,223,8100,20910.0
282,223,8100,20910.0
283,223,8100,20910.0
284,224,8157,21052.5
285,225,8204,21170.0
286,226,8248,21280.0
287,227,8305,21422.5
288,228,8361,21562.5
289,229,8422,21715.0
290,230,8481,21862.5
291,230,8481,21862.5
292,231,8516,21950.0
293,236,8653,22337.5
294,236,8653,22337.5
295,237,8690,22430.0
296,237,8690,22430.0
297,238,8736,22545.0
298,241,8811,22762.5
299,242,8818,22810.0
300,242,8818,22810.0
301,242,8818,22810.0
302,242,8818,22810.0
303,243,8832,22860.0
304,244,8869,22952.5
305,244,8869,22952.5
306,244,8869,22952.5
307,244,8869,22952.5
308,245,8906,23045.0
309,245,8906,23045.0
310,245,8906,23045.0
311,247,8956,23170.0
312,249,9003,23302.5
313,249,9003,23302.5
314,249,9003,23302.5
315,250,9032,23375.0
316,250,9032,23375.0
317,251,9071,23472.5
318,251,9071,23472.5
319,252,9122,23600.0
320,252,9122,23600.0
321,254,9244,23905.0
322,255,9297,24037.5
323,255,9297,24037.5
324,255,9297,24037.5
325,257,9358,24205.0
326,257,9358,24205.0
327,257,9358,24205.0
328,258,9367,24257.5
329,258,9367,24257.5
330,259,9422,24395.0
331,259,9422,24395.0
332,259,9422,24395.0
333,260,9433,24437.5
334,262,9513,24637.5
335,265,9640,24955.0
336,265,9640,24955.0
337,266,9673,25037.5
338,268,9795,25342.5
339,268,9795,25342.5
340,269,9874,25540.0
341,272,10012,25885.0
342,273,10051,25982.5
343,275,10085,26082.5
344,277,10199,26367.5
345,278,10243,26477.5
346,281,10318,26665.0
347,282,10370,26795.0
348,282,10370,26795.0
349,283,10401,26872.5
350,284,10434,26955.0
351,284,10434,26955.0
352,285,10509,27142.5
353,286,10528,27190.0
354,287,10573,27302.5
355,287,10573,27302.5
356,289,10649,27507.5
357,290,10697,27627.5
358,290,10697,27627.5
359,291,10719,27682.5
360,292,10770,27810.0
361,292,10770,27810.0
362,293,10830,27960.0
363,295,10883,28092.5
364,295,10883,28092.5
365,295,10883,28092.5
366,295,10883,28092.5
367,296,10944,28245.0
368,298,10972,28360.0
369,298,10972,28360.0
370,298,10972,28360.0
371,299,11028,28500.0
372,299,11028,28500.0
373,299,11028,28500.0
374,300,11057,28572.5
375,301,11073,28612.5
376,302,11098,28675.0
377,302,11098,28675.0
378,304,11156,28850.0
379,304,11156,28850.0
380,306,11198,28955.0
381,306,11198,28955.0
382,307,11238,29055.0
383,309,11283,29197.5
384,309,11283,29197.5
385,309,11283,29197.5
386,309,11283,29197.5
387,310,11356,29380.0
388,310,11356,29380.0
389,310,11356,29380.0
390,312,11436,29625.0
391,312,11436,29625.0
392,313,11457,29677.5
393,314,11525,29847.5
394,315,11542,29890.0
395,316,11600,30035.0
396,317,11659,30182.5
397,318,11743,30392.5
398,320,11839,30632.5
399,320,11839,30632.5
400,323,11919,30862.5
401,324,11994,31050.0
402,324,11994,31050.0
403,324,11994,31050.0
404,326,12060,31230.0
405,327,12101,31332.5
406,330,12234,31665.0
407,331,12250,31705.0
408,333,12338,31925.0
409,334,12350,31970.0
410,335,12379,32042.5
411,335,12379,32042.5
412,335,12379,32042.5
413,336,12402,32100.0
414,336,12402,32100.0
415,336,12402,32100.0
416,337,12423,32152.5
417,340,12526,32410.0
418,341,12556,32485.0
419,342,12563,32532.5
420,343,12622,32680.0
421,346,12713,32922.5
422,347,12738,32985.0
423,349,12836,33230.0
424,350,12836,33290.0
425,350,12836,33290.0
426,351,12849,33337.5
427,351,12849,33337.5
428,355,13034,33800.0
429,356,13085,33927.5
430,356,13085,33927.5
431,357,13121,34017.5
432,358,13186,34180.0
433,360,13263,34372.5
434,361,13303,34472.5
435,362,13347,34582.5
436,363,13365,34627.5
437,364,13426,34780.0
438,365,13475,34902.5
439,365,13475,34902.5
440,366,13525,35027.5
441,367,13585,35177.5
442,367,13585,35177.5
443,368,13595,35232.5
444,368,13595,35232.5
445,368,13595,35232.5
446,369,13625,35307.5
447,370,13692,35475.0
448,371,13714,35530.0
449,371,13714,35530.0
450,372,13732,35575.0
451,373,13803,35752.5
452,375,13848,35895.0
453,376,13850,35945.0
454,376,13850,35945.0
455,376,13850,35945.0
456,378,13897,36062.5
457,379,13928,36140.0
458,380,13937,36192.5
459,382,13982,36335.0
460,382,13982,36335.0
461,383,14008,36400.0
462,383,14008,36400.0
463,383,14008,36400.0
464,383,14008,36400.0
465,385,14098,36625.0
466,387,14137,36722.5
467,388,14171,36807.5
468,390,14262,37035.0
469,391,14283,37087.5
470,391,14283,37087.5
471,392,14315,37167.5
472,392,14315,37167.5
473,394,14385,37342.5
474,395,14418,37425.0
475,396,14446,37495.0
476,397,14483,37587.5
477,398,14526,37695.0
478,400,14652,38010.0
479,400,14652,38010.0
480,400,14652,38010.0
481,402,14702,38135.0
482,403,14714,38180.0
483,404,14736,38235.0
484,404,14736,38235.0
485,404,14736,38235.0
486,405,14781,38347.5
487,407,14848,38515.0
488,408,14896,38635.0
489,408,14896,38635.0
490,410,14975,38832.5
491,411,15052,39025.0
492,411,15052,39025.0
493,411,15052,39025.0
494,411,15052,39025.0
495,412,15079,39092.5
496,414,15156,39285.0
497,415,15173,39327.5
498,415,15173,39327.5
499,416,15204,39405.0
500,417,15235,39482.5
501,418,15276,39585.0
502,418,15276,39585.0
503,421,15385,39857.5
504,421,15385,39857.5
505,422,15458,40040.0
506,422,15458,40040.0
507,424,15563,40302.5
508,425,15593,40377.5
509,427,15617,40467.5
510,427,15617,40467.5
511,427,15617,40467.5
512,428,15675,40612.5
513,429,15742,40780.0
514,429,15742,40780.0
515,430,15786,40890.0
516,431,15834,41010.0
517,432,15869,41097.5
518,436,15987,41392.5
519,436,15987,41392.5
520,437,16044,41535.0
521,438,16079,41622.5
522,438,16079,41622.5
523,440,16141,41792.5
524,441,16188,41910.0
525,441,16188,41910.0
526,443,16250,42065.0
527,448,16453,42572.5
528,448,16453,42572.5
529,449,16492,42670.0
530,450,16516,42730.0
531,451,16550,42815.0
532,453,16597,42962.5
533,454,16620,43020.0
534,454,16620,43020.0
535,457,16716,43260.0
536,457,16716,43260.0
537,457,16716,43260.0
538,458,16740,43320.0
539,460,16847,43587.5
540,460,16847,43587.5
541,462,16896,43710.0
542,463,16936,43810.0
543,465,17021,44022.5
544,465,17021,44022.5
545,465,17021,44022.5
546,467,17116,44260.0
547,468,17160,44370.0
548,470,17245,44582.5
549,470,17245,44582.5
550,471,17315,44757.5
551,471,17315,44757.5
552,471,17315,44757.5
553,471,17315,44757.5
554,471,17315,44757.5
555,471,17315,44757.5
556,472,17365,44882.5
557,473,17417,45012.5
558,474,17458,45115.0
559,474,17458,45115.0
560,475,17511,45247.5
561,476,17581,45422.5
562,477,17627,45537.5
563,477,17627,45537.5
564,477,17627,45537.5
565,478,17651,45597.5
566,478,17651,45597.5
567,480,17671,45707.5
568,480,17671,45707.5
569,481,17685,45757.5
570,483,17800,46045.0
571,484,17861,46197.5
572,485,17898,46290.0
573,487,17995,46532.5
574,488,18028,46615.0
575,489,18083,46752.5
576,490,18131,46872.5
577,490,18131,46872.5
578,491,18193,47027.5
579,493,18269,47217.5
580,495,18354,47430.0
581,495,18354,47430.0
582,499,18488,47780.0
583,500,18530,47885.0
584,502,18615,48097.5
585,502,18615,48097.5
586,504,18652,48190.0
587,504,18652,48190.0
588,505,18690,48285.0
589,507,18744,48420.0
590,509,18821,48612.5
591,509,18821,48612.5
592,511,18930,48885.0
593,511,18930,48885.0
594,513,19010,49085.0
595,514,19049,49182.5
596,516,19083,49297.5
597,516,19083,49297.5
598,517,19156,49480.0
599,518,19204,49600.0
600,520,19277,49812.5
601,521,19323,49927.5
602,522,19393,50102.5
603,523,19407,50152.5
604,524,19430,50210.0
605,527,19525,50447.5
606,529,19570,50560.0
607,529,19570,50560.0
608,529,19570,50560.0
609,529,19570,50560.0
610,529,19570,50560.0
611,531,19657,50777.5
612,531,19657,50777.5
613,533,19752,51015.0
614,536,19882,51340.0
615,537,19901,51387.5
616,537,19901,51387.5
617,538,19954,51520.0
618,538,19954,51520.0
619,538,19954,51520.0
620,539,19992,51615.0
621,539,19992,51615.0
622,540,20016,51675.0
623,541,20072,51815.0
624,542,20116,51925.0
625,543,20156,52025.0
626,543,20156,52025.0
627,544,20185,52097.5
628,544,20185,52097.5
629,546,20282,52340.0
630,548,20316,52440.0
631,549,20334,52485.0
632,550,20382,52605.0
633,553,20541,53002.5
634,553,20541,53002.5
635,553,20541,53002.5
636,553,20541,53002.5
637,555,20596,53185.0
638,555,20596,53185.0
639,556,20638,53290.0
640,557,20710,53470.0
641,559,20785,53657.5
642,559,20785,53657.5
643,561,20848,53815.0
644,561,20848,53815.0
645,563,20918,53990.0
646,565,21000,54195.0
647,566,21041,54297.5
648,568,21075,54412.5
649,570,21168,54645.0
650,570,21168,54645.0
651,570,21168,54645.0
652,571,21216,54765.0
653,571,21216,54765.0
654,573,21249,54877.5
655,573,21249,54877.5
656,573,21249,54877.5
657,575,21328,55075.0
658,575,21328,55075.0
659,577,21402,55260.0
660,578,21457,55397.5
661,579,21486,55470.0
662,580,21520,55555.0
663,581,21530,55610.0
664,582,21554,55670.0
665,583,21591,55762.5
666,584,21668,55955.0
667,586,21774,56220.0
668,587,21807,56302.5
669,587,21807,56302.5
670,588,21843,56392.5
671,590,21976,56725.0
672,593,22026,56880.0
673,595,22104,57075.0
674,597,22157,57207.5
675,598,22186,57280.0
676,599,22232,57395.0
677,599,22232,57395.0
678,599,22232,57395.0
679,599,22232,57395.0
680,599,22232,57395.0
681,600,22274,57500.0
682,603,22442,57920.0
683,604,22472,57995.0
684,605,22510,58090.0
685,606,22560,58215.0
686,606,22560,58215.0
687,606,22560,58215.0
688,608,22650,58440.0
689,609,22713,58597.5
690,611,22781,58767.5
691,615,22947,59182.5
692,616,22956,59235.0
693,617,22999,59342.5
694,618,23040,59445.0
695,618,23040,59445.0
696,618,23040,59445.0
697,618,23040,59445.0
698,618,23040,59445.0
699,620,23145,59707.5
700,622,23243,59952.5
701,622,23243,59952.5
702,623,23309,60117.5
703,623,23309,60117.5
704,624,23375,60282.5
705,624,23375,60282.5
706,625,23425,60407.5
707,626,23496,60585.0
708,627,23531,60672.5
709,627,23531,60672.5
710,628,23577,60787.5
711,628,23577,60787.5
712,628,23577,60787.5
713,631,23677,61052.5
714,631,23677,61052.5
715,633,23724,61185.0
716,633,23724,61185.0
717,633,23724,61185.0
718,635,23785,61382.5
719,635,23785,61382.5
720,635,23785,61382.5
721,635,23785,61382.5
722,637,23887,61637.5
723,639,24001,61922.5
724,639,24001,61922.5
725,639,24001,61922.5
726,640,24019,61967.5
727,642,24055,62057.5
728,643,24089,62142.5
729,644,24110,62195.0
730,646,24159,62362.5
731,646,24159,62362.5
732,648,24195,62467.5
733,649,24229,62552.5
734,649,24229,62552.5
735,650,24306,62745.0
736,651,24362,62885.0
737,651,24362,62885.0
738,651,24362,62885.0
739,651,24362,62885.0
740,652,24422,63035.0
741,654,24533,63312.5
742,654,24533,63312.5
743,654,24533,63312.5
744,656,24600,63480.0
745,657,24635,63567.5
746,657,24635,63567.5
747,658,24683,63687.5
748,659,24695,63732.5
749,660,24728,63815.0
750,661,24760,63895.0
751,661,24760,63895.0
752,663,24853,64127.5
753,664,24896,64235.0
754,664,24896,64235.0
755,664,24896,64235.0
756,664,24896,64235.0
757,664,24896,64235.0
758,664,24896,64235.0
759,664,24896,64235.0
760,665,24913,64277.5
761,666,24942,64350.0
762,671,25218,65040.0
763,674,25303,65282.5
764,674,25303,65282.5
765,675,25341,65377.5
766,675,25341,65377.5
767,675,25341,65377.5
768,678,25460,65675.0
769,679,25510,65800.0
770,681,25602,66030.0
771,683,25671,66202.5
772,683,25671,66202.5
773,684,25682,66245.0
774,686,25781,66492.5
775,688,25836,66630.0
776,689,25901,66792.5
777,690,25941,66892.5
778,694,26074,67255.0
779,695,26096,67310.0
780,696,26111,67362.5
781,697,26166,67500.0
782,698,26210,67610.0
783,699,26243,67692.5
784,701,26329,67907.5
785,701,26329,67907.5
786,702,26358,67980.0
787,703,26413,68117.5
788,704,26455,68222.5
789,705,26490,68310.0
790,706,26518,68380.0
791,707,26544,68445.0
792,708,26581,68537.5
793,709,26616,68625.0
794,710,26642,68690.0
795,711,26676,68775.0
796,711,26676,68775.0
797,711,26676,68775.0
798,713,26757,68977.5
799,714,26815,69122.5
800,715,26867,69252.5
801,715,26867,69252.5
802,715,26867,69252.5
803,716,26905,69347.5
804,717,26928,69405.0
805,717,26928,69405.0
806,719,26986,69550.0
807,719,26986,69550.0
808,720,27059,69732.5
809,721,27118,69880.0
810,723,27234,70170.0
811,724,27282,70290.0
812,726,27362,70505.0
813,727,27423,70657.5
814,728,27455,70737.5
815,729,27497,70842.5
816,729,27497,70842.5
817,730,27543,70957.5
818,731,27571,71027.5
819,733,27659,71247.5
820,734,27676,71290.0
821,735,27746,71465.0
822,735,27746,71465.0
823,735,27746,71465.0
824,738,27872,71780.0
825,739,27923,71907.5
826,741,27996,72090.0
827,742,28015,72137.5
828,744,28081,72302.5
829,745,28097,72342.5
830,748,28224,72660.0
831,749,28281,72802.5
832,749,28281,72802.5
833,749,28281,72802.5
834,749,28281,72802.5
835,751,28333,72932.5
836,756,28518,73410.0
837,757,28549,73487.5
838,761,28713,73897.5
839,761,28713,73897.5
840,762,28756,74005.0
841,763,28811,74142.5
842,764,28838,74210.0
843,765,28844,74255.0
844,766,28856,74300.0
845,767,28889,74382.5
846,768,28957,74552.5
847,770,29031,74752.5
848,770,29031,74752.5
849,771,29044,74800.0
850,772,29072,74870.0
851,772,29072,74870.0
852,772,29072,74870.0
853,776,29162,75125.0
854,777,29193,75202.5
855,778,29244,75330.0
856,779,29308,75490.0
857,782,29388,75690.0
858,783,29424,75780.0
859,785,29522,76025.0
860,786,29535,76072.5
861,787,29556,76125.0
862,789,29622,76290.0
863,791,29695,76472.5
864,791,29695,76472.5
865,791,29695,76472.5
866,792,29735,76572.5
867,794,29786,76700.0
868,795,29848,76855.0
869,796,29891,76962.5
870,796,29891,76962.5
871,796,29891,76962.5
872,797,29945,77097.5
873,797,29945,77097.5
874,798,30004,77245.0
875,798,30004,77245.0
876,799,30016,77290.0
877,800,30060,77400.0
878,800,30060,77400.0
879,802,30131,77577.5
880,804,30163,77702.5
881,805,30206,77810.0
882,806,30247,77912.5
883,808,30360,78195.0
884,809,30399,78292.5
885,811,30475,78482.5
886,812,30512,78575.0
887,812,30512,78575.0
888,812,30512,78575.0
889,813,30551,78672.5
890,813,30551,78672.5
891,814,30570,78720.0
892,815,30599,78792.5
893,816,30649,78917.5
894,816,30649,78917.5
895,816,30649,78917.5
896,817,30700,79045.0
897,818,30758,79190.0
898,820,30810,79320.0
899,821,30836,79385.0
900,821,30836,79385.0
901,822,30892,79525.0
902,822,30892,79525.0
903,823,30914,79580.0
904,823,30914,79580.0
905,823,30914,79580.0
906,823,30914,79580.0
907,823,30914,79580.0
908,824,30948,79665.0
909,824,30948,79665.0
910,825,31012,79825.0
911,827,31110,80070.0
912,828,31132,80125.0
913,831,31286,80510.0
914,832,31312,80575.0
915,833,31330,80620.0
916,833,31330,80620.0
917,834,31395,80782.5
918,834,31395,80782.5
919,834,31395,80782.5
920,836,31483,81002.5
921,837,31513,81077.5
922,838,31580,81245.0
923,838,31580,81245.0
924,839,31655,81432.5
925,840,31743,81652.5
926,840,31743,81652.5
927,841,31794,81780.0
928,841,31794,81780.0
929,842,31857,81937.5
930,843,31912,82075.0
931,844,31942,82150.0
932,846,31978,82255.0
933,846,31978,82255.0
934,848,32053,82442.5
935,850,32098,82585.0
936,850,32098,82585.0
937,851,32158,82735.0
938,851,32158,82735.0
939,851,32158,82735.0
940,852,32196,82830.0
941,854,32320,83140.0
942,855,32349,83212.5
943,855,32349,83212.5
944,856,32414,83375.0
945,856,32414,83375.0
946,857,32437,83432.5
947,858,32463,83497.5
948,859,32469,83542.5
949,860,32483,83592.5
950,861,32526,83700.0
951,862,32559,83782.5
952,863,32572,83830.0
953,864,32620,83950.0
954,866,32674,84100.0
955,866,32674,84100.0
956,867,32704,84175.0
957,868,32753,84297.5
958,869,32811,84442.5
959,872,32913,84697.5
960,872,32913,84697.5
961,872,32913,84697.5
962,873,32955,84802.5
963,873,32955,84802.5
964,873,32955,84802.5
965,875,33038,85010.0
966,876,33091,85142.5
967,876,33091,85142.5
968,878,33175,85352.5
969,880,33228,85485.0
970,882,33269,85632.5
971,882,33269,85632.5
972,882,33269,85632.5
973,884,33322,85765.0
974,886,33378,85920.0
975,886,33378,85920.0
976,886,33378,85920.0
977,887,33412,86005.0
978,887,33412,86005.0
979,887,33412,86005.0
980,889,33488,86195.0
981,891,33533,86307.5
982,891,33533,86307.5
983,891,33533,86307.5
984,893,33610,86500.0
985,894,33620,86555.0
986,894,33620,86555.0
987,894,33620,86555.0
988,896,33681,86707.5
989,896,33681,86707.5
990,898,33756,86895.0
991,899,33780,86955.0
992,900,33798,87000.0
993,900,33798,87000.0
994,901,33857,87147.5
995,902,33873,87187.5
996,904,33977,87447.5
997,906,34075,87692.5
998,906,34075,87692.5
999,907,34108,87775.0
1000,908,34147,87872.5
1001,909,34201,88007.5
1002,909,34201,88007.5
1003,910,34235,88092.5
1004,911,34279,88202.5
1005,913,34336,88345.0
1006,915,34402,88510.0
1007,916,34428,88575.0
1008,916,34428,88575.0
1009,916,34428,88575.0
1010,916,34428,88575.0
1011,918,34506,88770.0
1012,919,34589,88977.5
1013,920,34650,89130.0
1014,920,34650,89130.0
1015,923,34794,89490.0
1016,923,34794,89490.0
1017,925,34824,89580.0
1018,926,34870,89695.0
1019,926,34870,89695.0
1020,927,34893,89752.5
1021,927,34893,89752.5
1022,928,34953,89902.5
1023,928,34953,89902.5
1024,930,34994,90050.0
1025,930,34994,90050.0
1026,931,35034,90150.0
1027,932,35106,90330.0
1028,933,35156,90455.0
1029,934,35158,90505.0
1030,934,35158,90505.0
1031,937,35332,90940.0
1032,938,35362,91015.0
1033,938,35362,91015.0
1034,942,35536,91450.0
1035,944,35602,91615.0
1036,944,35602,91615.0
1037,946,35718,91905.0
1038,947,35741,91962.5
1039,948,35786,92075.0
1040,948,35786,92075.0
1041,949,35811,92137.5
1042,952,35907,92377.5
1043,952,35907,92377.5
1044,953,35941,92462.5
1045,954,36019,92657.5
1046,954,36019,92657.5
1047,955,36054,92745.0
1048,955,36054,92745.0
1049,956,36103,92867.5
1050,956,36103,92867.5
1051,957,36132,92940.0
1052,957,36132,92940.0
1053,959,36183,93067.5
1054,960,36227,93177.5
1055,961,36270,93285.0
1056,963,36303,93382.5
1057,965,36345,93487.5
1058,965,36345,93487.5
1059,965,36345,93487.5
1060,965,36345,93487.5
1061,965,36345,93487.5
1062,967,36404,93665.0
1063,969,36494,93890.0
1064,969,36494,93890.0
1065,970,36527,93972.5
1066,970,36527,93972.5
1067,972,36632,94235.0
1068,972,36632,94235.0
1069,974,36701,94407.5
1070,975,36742,94510.0
1071,975,36742,94510.0
1072,976,36771,94582.5
1073,978,36813,94702.5
1074,979,36827,94752.5
1075,980,36899,94932.5
1076,980,36899,94932.5
1077,980,36899,94932.5
1078,981,36948,95055.0
1079,982,37000,95185.0
1080,984,37070,95360.0
1081,986,37173,95617.5
1082,987,37215,95722.5
1083,988,37222,95770.0
1084,988,37222,95770.0
1085,989,37246,95830.0
1086,990,37303,95972.5
1087,991,37325,96027.5
1088,992,37372,96145.0
1089,992,37372,96145.0
1090,993,37385,96192.5
1091,994,37425,96292.5
1092,995,37477,96422.5
1093,998,37578,96675.0
1094,1001,37678,96925.0
1095,1003,37753,97112.5
1096,1003,37753,97112.5
1097,1003,37753,97112.5
1098,1003,37753,97112.5
1099,1004,37822,97285.0
1100,1004,37822,97285.0
1101,1004,37822,97285.0
1102,1004,37822,97285.0
1103,1004,37822,97285.0
1104,1004,37822,97285.0
1105,1004,37822,97285.0
1106,1004,37822,97285.0
1107,1006,37929,97552.5
1108,1008,38025,97792.5
1109,1009,38086,97945.0
1110,1010,38127,98047.5
1111,1010,38127,98047.5
1112,1012,38265,98392.5
1113,1013,38275,98447.5
1114,1013,38275,98447.5
1115,1013,38275,98447.5
1116,1014,38343,98617.5
1117,1014,38343,98617.5
1118,1016,38381,98727.5
1119,1017,38399,98772.5
1120,1019,38454,98910.0
1121,1020,38498,99020.0
1122,1021,38543,99132.5
1123,1022,38570,99200.0
1124,1022,38570,99200.0
1125,1022,38570,99200.0
1126,1023,38591,99252.5
1127,1024,38618,99320.0
1128,1024,38618,99320.0
1129,1025,38666,99440.0
1130,1025,38666,99440.0
1131,1026,38713,99557.5
1132,1027,38725,99602.5
1133,1028,38733,99652.5
1134,1029,38776,99760.0
1135,1032,38873,100047.5
1136,1034,38960,100265.0
1137,1034,38960,100265.0
1138,1034,38960,100265.0
1139,1034,38960,100265.0
1140,1036,39046,100480.0
1141,1037,39067,100532.5
1142,1037,39067,100532.5
1143,1037,39067,100532.5
1144,1039,39111,100642.5
1145,1040,39123,100687.5
1146,1041,39149,100752.5
1147,1043,39209,100902.5
1148,1046,39306,101145.0
1149,1047,39345,101242.5
1150,1047,39345,101242.5
1151,1050,39483,101587.5
1152,1051,39558,101775.0
1153,1052,39628,101950.0
1154,1054,39701,102132.5
1155,1055,39732,102210.0
1156,1055,39732,102210.0
1157,1055,39732,102210.0
1158,1055,39732,102210.0
1159,1055,39732,102210.0
1160,1057,39850,102505.0
1161,1058,39895,102617.5
1162,1059,39944,102740.0
1163,1059,39944,102740.0
1164,1059,39944,102740.0
1165,1060,39994,102865.0
1166,1060,39994,102865.0
1167,1061,40019,102927.5
1168,1061,40019,102927.5
1169,1064,40181,103332.5
1170,1064,40181,103332.5
1171,1064,40181,103332.5
1172,1064,40181,103332.5
1173,1066,40244,103490.0
1174,1066,40244,103490.0
1175,1067,40249,103547.5
1176,1068,40313,103707.5
1177,1068,40313,103707.5
1178,1068,40313,103707.5
1179,1071,40380,103905.0
1180,1071,40380,103905.0
1181,1071,40380,103905.0
1182,1071,40380,103905.0
1183,1072,40413,103987.5
1184,1073,40481,104157.5
1185,1073,40481,104157.5
1186,1074,40538,104300.0
1187,1076,40614,104490.0
1188,1076,40614,104490.0
1189,1076,40614,104490.0
1190,1077,40651,104582.5
1191,1078,40697,104697.5
1192,1079,40736,104795.0
1193,1081,40821,105007.5
1194,1081,40821,105007.5
1195,1081,40821,105007.5
1196,1084,40944,105315.0
1197,1085,40972,105385.0
1198,1085,40972,105385.0
1199,1085,40972,105385.0
1200,1085,40972,105385.0
1201,1088,41102,105710.0
1202,1090,41188,105925.0
1203,1090,41188,105925.0
1204,1092,41279,106152.5
1205,1094,41376,106395.0
1206,1094,41376,106395.0
1207,1095,41404,106465.0
1208,1097,41436,106575.0
1209,1099,41531,106812.5
1210,1100,41561,106887.5
1211,1101,41624,107045.0
1212,1102,41666,107150.0
1213,1102,41666,107150.0
1214,1103,41682,107190.0
1215,1105,41776,107425.0
1216,1105,41776,107425.0
1217,1106,41829,107557.5
1218,1107,41901,107737.5
1219,1108,41917,107777.5
1220,1108,41917,107777.5
1221,1109,41924,107825.0
1222,1110,41962,107920.0
1223,1112,42001,108062.5
1224,1112,42001,108062.5
1225,1112,42001,108062.5
1226,1113,42026,108125.0
1227,1116,42137,108402.5
1228,1118,42191,108537.5
1229,1118,42191,108537.5
1230,1118,42191,108537.5
1231,1120,42257,108702.5
1232,1120,42257,108702.5
1233,1121,42321,108862.5
1234,1121,42321,108862.5
1235,1122,42339,108907.5
1236,1124,42399,109057.5
1237,1125,42411,109102.5
1238,1126,42479,109272.5
1239,1126,42479,109272.5
1240,1128,42577,109517.5
1241,1129,42628,109645.0
1242,1130,42677,109767.5
1243,1130,42677,109767.5
1244,1130,42677,109767.5
1245,1131,42727,109892.5
1246,1131,42727,109892.5
1247,1131,42727,109892.5
1248,1131,42727,109892.5
1249,1131,42727,109892.5
1250,1133,42782,110075.0
1251,1134,42829,110192.5
1252,1135,42894,110355.0
1253,1135,42894,110355.0
1254,1135,42894,110355.0
1255,1135,42894,110355.0
1256,1135,42894,110355.0
1257,1137,42986,110585.0
1258,1138,43054,110755.0
1259,1139,43070,110795.0
1260,1140,43124,110930.0
1261,1140,43124,110930.0
1262,1141,43187,111087.5
1263,1142,43212,111150.0
1264,1143,43227,111202.5
1265,1144,43241,111252.5
1266,1146,43340,111500.0
1267,1148,43380,111630.0
1268,1149,43424,111740.0
1269,1150,43464,111840.0
1270,1151,43482,111885.0
1271,1152,43505,111942.5
1272,1154,43590,112155.0
1273,1156,43651,112307.5
1274,1157,43693,112412.5
1275,1159,43818,112725.0
1276,1160,43872,112860.0
1277,1164,44070,113355.0
1278,1164,44070,113355.0
1279,1165,44111,113457.5
1280,1167,44190,113670.0
1281,1170,44333,114057.5
1282,1170,44333,114057.5
1283,1172,44403,114232.5
1284,1173,44433,114307.5
1285,1173,44433,114307.5
1286,1173,44433,114307.5
1287,1173,44433,114307.5
1288,1173,44433,114307.5
1289,1173,44433,114307.5
1290,1173,44433,114307.5
1291,1174,44490,114450.0
1292,1175,44532,114555.0
1293,1175,44532,114555.0
1294,1177,44600,114740.0
1295,1178,44636,114830.0
1296,1179,44692,114970.0
1297,1182,44771,115167.5
1298,1182,44771,115167.5
1299,1182,44771,115167.5
1300,1183,44820,115290.0
1301,1184,44876,115430.0
1302,1186,44991,115717.5
1303,1187,45044,115850.0
1304,1188,45062,115895.0
1305,1188,45062,115895.0
1306,1189,45112,116020.0
1307,1189,45112,116020.0
1308,1195,45421,116792.5
1309,1197,45510,117015.0
1310,1199,45579,117187.5
1311,1201,45633,117322.5
1312,1202,45693,117472.5
1313,1203,45751,117617.5
1314,1204,45823,117797.5
1315,1204,45823,117797.5
1316,1205,45881,117942.5
1317,1207,45956,118130.0
1318,1207,45956,118130.0
1319,1207,45956,118130.0
1320,1208,45972,118170.0
1321,1208,45972,118170.0
1322,1210,46058,118385.0
1323,1210,46058,118385.0
1324,1210,46058,118385.0
1325,1210,46058,118385.0
1326,1213,46145,118602.5
1327,1214,46206,118755.0
1328,1215,46247,118857.5
1329,1218,46350,119145.0
1330,1221,46436,119420.0
1331,1222,46444,119470.0
1332,1223,46470,119535.0
1333,1223,46470,119535.0
1334,1224,46536,119700.0
1335,1224,46536,119700.0
1336,1225,46590,119835.0
1337,1227,46644,119970.0
1338,1228,46701,120112.5
1339,1229,46733,120192.5
1340,1229,46733,120192.5
1341,1229,46733,120192.5
1342,1230,46769,120282.5
1343,1233,46873,120572.5
1344,1234,46880,120620.0
1345,1234,46880,120620.0
1346,1236,46945,120782.5
1347,1237,46993,120902.5
1348,1238,47038,121015.0
1349,1239,47086,121135.0
1350,1240,47132,121250.0
1351,1244,47310,121695.0
1352,1244,47310,121695.0
1353,1244,47310,121695.0
1354,1245,47366,121835.0
1355,1245,47366,121835.0
1356,1245,47366,121835.0
1357,1245,47366,121835.0
1358,1249,47538,122265.0
1359,1250,47556,122310.0
1360,1251,47592,122400.0
1361,1251,47592,122400.0
1362,1251,47592,122400.0
1363,1252,47636,122510.0
1364,1253,47653,122552.5
1365,1253,47653,122552.5
1366,1255,47707,122702.5
1367,1257,47747,122817.5
1368,1258,47796,122940.0
1369,1258,47796,122940.0
1370,1258,47796,122940.0
1371,1259,47845,123062.5
1372,1259,47845,123062.5
1373,1259,47845,123062.5
1374,1260,47883,123157.5
1375,1261,47921,123252.5
1376,1263,48006,123465.0
1377,1269,48218,123995.0
1378,1271,48268,124165.0
1379,1272,48289,124217.5
1380,1272,48289,124217.5
1381,1272,48289,124217.5
1382,1276,48397,124517.5
1383,1277,48424,124585.0
1384,1278,48465,124687.5
1385,1278,48465,124687.5
1386,1280,48543,124882.5
1387,1281,48592,125005.0
1388,1281,48592,125005.0
1389,1281,48592,125005.0
1390,1282,48601,125057.5
1391,1285,48737,125397.5
1392,1285,48737,125397.5
1393,1287,48824,125615.0
1394,1289,48942,125910.0
1395,1290,48964,125965.0
1396,1290,48964,125965.0
1397,1291,48989,126027.5
1398,1292,49028,126125.0
1399,1293,49081,126257.5
1400,1294,49087,126302.5
1401,1294,49087,126302.5
1402,1296,49154,126470.0
1403,1297,49193,126567.5
1404,1297,49193,126567.5
1405,1298,49230,126660.0
1406,1300,49346,126950.0
1407,1302,49407,127102.5
1408,1303,49449,127207.5
1409,1305,49558,127480.0
1410,1306,49606,127600.0
1411,1307,49675,127772.5
1412,1307,49675,127772.5
1413,1308,49743,127942.5
1414,1308,49743,127942.5
1415,1309,49757,127992.5
1416,1309,49757,127992.5
1417,1309,49757,127992.5
1418,1309,49757,127992.5
1419,1309,49757,127992.5
1420,1309,49757,127992.5
1421,1311,49829,128172.5
1422,1314,49954,128485.0
1423,1314,49954,128485.0
1424,1315,49999,128597.5
1425,1317,50082,128805.0
1426,1319,50165,129012.5
1427,1320,50195,129087.5
1428,1321,50236,129190.0
1429,1324,50343,129457.5
1430,1324,50343,129457.5
1431,1324,50343,129457.5
1432,1325,50366,129515.0
1433,1327,50468,129770.0
1434,1327,50468,129770.0
1435,1328,50491,129827.5
1436,1329,50572,130030.0
1437,1330,50596,130090.0
1438,1331,50655,130237.5
1439,1331,50655,130237.5
1440,1332,50686,130315.0
1441,1334,50802,130605.0
1442,1335,50812,130660.0
1443,1337,50882,130835.0
1444,1337,50882,130835.0
1445,1337,50882,130835.0
1446,1338,50923,130937.5
1447,1341,51009,131182.5
1448,1342,51036,131250.0
1449,1344,51106,131425.0
1450,1345,51163,131567.5
1451,1345,51163,131567.5
1452,1345,51163,131567.5
1453,1347,51224,131720.0
1454,1349,51280,131860.0
1455,1351,51323,131967.5
1456,1352,51353,132042.5
1457,1352,51353,132042.5
1458,1354,51404,132170.0
1459,1354,51404,132170.0
1460,1354,51404,132170.0
1461,1358,51550,132535.0
1462,1359,51585,132622.5
1463,1359,51585,132622.5
1464,1359,51585,132622.5
1465,1361,51689,132882.5
1466,1361,51689,132882.5
1467,1363,51760,133060.0
1468,1363,51760,133060.0
1469,1366,51896,133430.0
1470,1367,51918,133485.0
1471,1368,51941,133542.5
1472,1369,51963,133597.5
1473,1370,51963,133657.5
1474,1370,51963,133657.5
1475,1370,51963,133657.5
1476,1370,51963,133657.5
1477,1371,51981,133702.5
1478,1373,52057,133892.5
1479,1375,52105,134012.5
1480,1375,52105,134012.5
1481,1378,52169,134217.5
1482,1381,52296,134535.0
1483,1383,52409,134817.5
1484,1384,52474,134980.0
1485,1387,52629,135367.5
1486,1388,52656,135435.0
1487,1391,52833,135877.5
1488,1391,52833,135877.5
1489,1391,52833,135877.5
1490,1391,52833,135877.5
1491,1391,52833,135877.5
1492,1393,52863,135982.5
1493,1395,52957,136217.5
1494,1395,52957,136217.5
1495,1398,53047,136442.5
1496,1398,53047,136442.5
1497,1398,53047,136442.5
1498,1399,53085,136537.5
1499,1400,53154,136710.0
1500,1402,53205,136837.5
1501,1404,53301,137077.5
1502,1405,53323,137132.5
1503,1405,53323,137132.5
1504,1406,53342,137180.0
1505,1406,53342,137180.0
1506,1406,53342,137180.0
1507,1406,53342,137180.0
1508,1406,53342,137180.0
1509,1407,53398,137320.0
1510,1407,53398,137320.0
1511,1407,53398,137320.0
1512,1410,53533,137672.5
1513,1410,53533,137672.5
1514,1410,53533,137672.5
1515,1413,53639,137967.5
1516,1413,53639,137967.5
1517,1415,53713,138152.5
1518,1415,53713,138152.5
1519,1417,53838,138465.0
1520,1417,53838,138465.0
1521,1419,53951,138747.5
1522,1420,53992,138850.0
1523,1421,54026,138935.0
1524,1421,54026,138935.0
1525,1423,54069,139057.5
1526,1423,54069,139057.5
1527,1426,54199,139427.5
1528,1426,54199,139427.5
1529,1428,54324,139740.0
1530,1431,54419,139977.5
1531,1431,54419,139977.5
1532,1434,54544,140305.0
1533,1435,54552,140355.0
1534,1436,54607,140492.5
1535,1437,54637,140567.5
1536,1438,54666,140640.0
1537,1438,54666,140640.0
1538,1439,54688,140695.0
1539,1442,54834,141060.0
1540,1446,54896,141260.0
1541,1447,54947,141387.5
1542,1448,54993,141502.5
1543,1449,55033,141602.5
1544,1450,55052,141650.0
1545,1450,55052,141650.0
1546,1452,55120,141820.0
1547,1455,55188,142005.0
1548,1457,55308,142305.0
1549,1458,55351,142412.5
1550,1459,55407,142552.5
1551,1460,55415,142602.5
1552,1461,55475,142752.5
1553,1462,55510,142840.0
1554,1462,55510,142840.0
1555,1463,55531,142892.5
1556,1465,55573,142997.5
1557,1467,55649,143187.5
1558,1467,55649,143187.5
1559,1468,55712,143345.0
1560,1468,55712,143345.0
1561,1468,55712,143345.0
1562,1468,55712,143345.0
1563,1468,55712,143345.0
1564,1470,55814,143600.0
1565,1471,55840,143665.0
1566,1472,55888,143785.0
1567,1473,55953,143947.5
1568,1473,55953,143947.5
1569,1476,56110,144340.0
1570,1477,56151,144442.5
1571,1477,56151,144442.5
1572,1478,56153,144492.5
1573,1479,56168,144545.0
1574,1480,56214,144660.0
1575,1482,56338,144970.0
1576,1482,56338,144970.0
1577,1484,56404,145135.0
1578,1485,56464,145285.0
1579,1487,56606,145640.0
1580,1488,56657,145767.5
1581,1489,56673,145807.5
1582,1490,56700,145875.0
1583,1490,56700,145875.0
1584,1491,56752,146005.0
1585,1492,56767,146057.5
1586,1494,56858,146285.0
1587,1497,56921,146487.5
1588,1497,56921,146487.5
1589,1497,56921,146487.5
1590,1497,56921,146487.5
1591,1498,56972,146615.0
1592,1499,57018,146730.0
1593,1503,57111,146992.5
1594,1503,57111,146992.5
1595,1503,57111,146992.5
1596,1504,57139,147062.5
1597,1506,57216,147255.0
1598,1507,57264,147375.0
1599,1508,57313,147497.5
1600,1508,57313,147497.5
1601,1510,57434,147800.0
1602,1511,57454,147850.0
1603,1512,57511,147992.5
1604,1512,57511,147992.5
1605,1514,57610,148240.0
1606,1515,57650,148340.0
1607,1515,57650,148340.0
1608,1515,57650,148340.0
1609,1517,57745,148577.5
1610,1519,57796,148720.0
1611,1521,57910,149005.0
1612,1522,57956,149120.0
1613,1523,58001,149232.5
1614,1524,58059,149377.5
1615,1524,58059,149377.5
1616,1524,58059,149377.5
1617,1524,58059,149377.5
1618,1525,58115,149517.5
1619,1527,58167,149677.5
1620,1528,58202,149765.0
1621,1529,58213,149807.5
1622,1530,58256,149915.0
1623,1532,58292,150035.0
1624,1533,58312,150085.0
1625,1534,58371,150232.5
1626,1535,58383,150277.5
1627,1535,58383,150277.5
1628,1536,58405,150332.5
1629,1537,58455,150457.5
1630,1538,58492,150550.0
1631,1540,58576,150760.0
1632,1540,58576,150760.0
1633,1541,58629,150892.5
1634,1541,58629,150892.5
1635,1542,58656,150960.0
1636,1542,58656,150960.0
1637,1543,58673,151002.5
1638,1544,58680,151050.0
1639,1545,58697,151092.5
1640,1545,58697,151092.5
1641,1546,58716,151140.0
1642,1548,58818,151395.0
1643,1550,58857,151552.5
1644,1550,58857,151552.5
1645,1551,58896,151650.0
1646,1551,58896,151650.0
1647,1551,58896,151650.0
1648,1551,58896,151650.0
1649,1552,58916,151700.0
1650,1552,58916,151700.0
1651,1552,58916,151700.0
1652,1553,58958,151805.0
1653,1553,58958,151805.0
1654,1554,59006,151925.0
1655,1554,59006,151925.0
1656,1554,59006,151925.0
1657,1554,59006,151925.0
1658,1554,59006,151925.0
1659,1556,59080,152110.0
1660,1558,59115,152227.5
1661,1559,59140,152290.0
1662,1561,59200,152470.0
1663,1562,59272,152650.0
1664,1562,59272,152650.0
1665,1564,59362,152875.0
1666,1566,59455,153107.5
1667,1568,59515,153257.5
1668,1568,59515,153257.5
1669,1569,59590,153445.0
1670,1570,59593,153497.5
1671,1570,59593,153497.5
1672,1571,59616,153555.0
1673,1572,59653,153647.5
1674,1573,59689,153737.5
1675,1574,59748,153885.0
1676,1574,59748,153885.0
1677,1576,59840,154115.0
1678,1576,59840,154115.0
1679,1577,59858,154160.0
1680,1577,59858,154160.0
1681,1578,59894,154250.0
1682,1579,59902,154300.0
1683,1579,59902,154300.0
1684,1580,59964,154455.0
1685,1582,60050,154670.0
1686,1582,60050,154670.0
1687,1583,60119,154842.5
1688,1583,60119,154842.5
1689,1583,60119,154842.5
1690,1585,60204,155055.0
1691,1586,60257,155187.5
1692,1587,60311,155322.5
1693,1589,60346,155425.0
1694,1590,60378,155505.0
1695,1590,60378,155505.0
1696,1590,60378,155505.0
1697,1592,60435,155647.5
1698,1593,60467,155727.5
1699,1594,60511,155837.5
1700,1596,60591,156052.5
1701,1596,60591,156052.5
1702,1598,60676,156265.0
1703,1599,60708,156345.0
1704,1600,60729,156397.5
1705,1601,60776,156515.0
1706,1603,60895,156812.5
1707,1603,60895,156812.5
1708,1603,60895,156812.5
1709,1605,60951,156952.5
1710,1605,60951,156952.5
1711,1605,60951,156952.5
1712,1605,60951,156952.5
1713,1606,60976,157015.0
1714,1607,60992,157055.0
1715,1609,61022,157160.0
1716,1610,61078,157300.0
1717,1612,61196,157595.0
1718,1612,61196,157595.0
1719,1614,61289,157827.5
1720,1614,61289,157827.5
1721,1615,61310,157880.0
1722,1617,61410,158130.0
1723,1617,61410,158130.0
1724,1617,61410,158130.0
1725,1618,61461,158257.5
1726,1620,61498,158380.0
1727,1622,61563,158572.5
1728,1622,61563,158572.5
1729,1623,61621,158717.5
1730,1624,61695,158902.5
1731,1624,61695,158902.5
1732,1624,61695,158902.5
1733,1624,61695,158902.5
1734,1625,61739,159012.5
1735,1625,61739,159012.5
1736,1626,61772,159095.0
1737,1627,61794,159150.0
1738,1627,61794,159150.0
1739,1628,61845,159277.5
1740,1628,61845,159277.5
1741,1629,61913,159447.5
1742,1632,62033,159747.5
1743,1632,62033,159747.5
1744,1634,62147,160032.5
1745,1636,62239,160262.5
1746,1637,62278,160360.0
1747,1638,62334,160500.0
1748,1641,62414,160730.0
1749,1642,62460,160845.0
1750,1642,62460,160845.0
1751,1642,62460,160845.0
1752,1642,62460,160845.0
1753,1643,62481,160897.5
1754,1645,62583,161152.5
1755,1645,62583,161152.5
1756,1645,62583,161152.5
1757,1647,62624,161300.0
1758,1648,62627,161352.5
1759,1649,62641,161402.5
1760,1649,62641,161402.5
1761,1650,62680,161500.0
1762,1652,62719,161612.5
1763,1653,62738,161660.0
1764,1654,62750,161705.0
1765,1654,62750,161705.0
1766,1654,62750,161705.0
1767,1656,62779,161807.5
1768,1658,62858,162005.0
1769,1661,62926,162205.0
1770,1661,62926,162205.0
1771,1663,63051,162517.5
1772,1664,63096,162630.0
1773,1665,63145,162752.5
1774,1665,63145,162752.5
1775,1665,63145,162752.5
1776,1665,63145,162752.5
1777,1665,63145,162752.5
1778,1667,63247,163007.5
1779,1667,63247,163007.5
1780,1669,63350,163265.0
1781,1669,63350,163265.0
1782,1671,63417,163432.5
1783,1672,63454,163525.0
1784,1674,63495,163657.5
1785,1674,63495,163657.5
1786,1675,63508,163705.0
1787,1675,63508,163705.0
1788,1676,63518,163760.0
1789,1677,63554,163850.0
1790,1680,63661,164117.5
1791,1681,63690,164190.0
1792,1682,63748,164335.0
1793,1682,63748,164335.0
1794,1685,63819,164542.5
1795,1687,63897,164737.5
1796,1687,63897,164737.5
1797,1687,63897,164737.5
1798,1689,63995,164982.5
1799,1690,64067,165162.5
1800,1692,64135,165332.5
1801,1694,64231,165572.5
1802,1697,64318,165790.0
1803,1699,64443,166102.5
1804,1700,64474,166180.0
1805,1700,64474,166180.0
1806,1702,64554,166380.0
1807,1702,64554,166380.0
1808,1705,64678,166690.0
1809,1708,64838,167090.0
1810,1709,64857,167137.5
1811,1710,64898,167240.0
1812,1710,64898,167240.0
1813,1711,64931,167322.5
1814,1713,65013,167527.5
1815,1714,65066,167660.0
1816,1714,65066,167660.0
1817,1714,65066,167660.0
1818,1714,65066,167660.0
1819,1714,65066,167660.0
1820,1715,65129,167817.5
1821,1715,65129,167817.5
1822,1717,65213,168027.5
1823,1718,65240,168095.0
1824,1718,65240,168095.0
1825,1719,65273,168177.5
1826,1721,65342,168350.0
1827,1721,65342,168350.0
1828,1721,65342,168350.0
1829,1722,65388,168465.0
1830,1723,65431,168572.5
1831,1725,65507,168762.5
1832,1726,65527,168812.5
1833,1726,65527,168812.5
1834,1726,65527,168812.5
1835,1727,65547,168862.5
1836,1728,65604,169005.0
1837,1729,65612,169055.0
1838,1730,65636,169115.0
1839,1731,65697,169267.5
1840,1733,65752,169405.0
1841,1734,65789,169497.5
1842,1735,65817,169567.5
1843,1737,65889,169747.5
1844,1737,65889,169747.5
1845,1744,66093,170332.5
1846,1744,66093,170332.5
1847,1746,66165,170512.5
1848,1747,66186,170565.0
1849,1747,66186,170565.0
1850,1748,66197,170607.5
1851,1748,66197,170607.5
1852,1748,66197,170607.5
1853,1748,66197,170607.5
1854,1749,66232,170695.0
1855,1750,66283,170822.5
1856,1750,66283,170822.5
1857,1750,66283,170822.5
1858,1751,66318,170910.0
1859,1752,66378,171060.0
1860,1752,66378,171060.0
1861,1753,66391,171107.5
1862,1755,66496,171370.0
1863,1755,66496,171370.0
1864,1756,66535,171467.5
1865,1756,66535,171467.5
1866,1756,66535,171467.5
1867,1759,66638,171725.0
1868,1760,66693,171862.5
1869,1763,66851,172257.5
1870,1764,66885,172342.5
1871,1767,67021,172682.5
1872,1767,67021,172682.5
1873,1768,67028,172730.0
1874,1769,67054,172795.0
1875,1770,67072,172840.0
1876,1772,67151,173052.5
1877,1774,67228,173245.0
1878,1777,67377,173617.5
1879,1779,67454,173810.0
1880,1780,67512,173955.0
1881,1782,67582,174130.0
1882,1783,67620,174225.0
1883,1785,67722,174480.0
1884,1787,67782,174630.0
1885,1787,67782,174630.0
1886,1787,67782,174630.0
1887,1787,67782,174630.0
1888,1791,67952,175070.0
1889,1794,68078,175385.0
1890,1795,68152,175570.0
1891,1797,68269,175862.5
1892,1797,68269,175862.5
1893,1799,68360,176090.0
1894,1801,68435,176277.5
1895,1801,68435,176277.5
1896,1801,68435,176277.5
1897,1801,68435,176277.5
1898,1801,68435,176277.5
1899,1803,68478,176415.0
1900,1804,68523,176527.5
1901,1805,68537,176577.5
1902,1805,68537,176577.5
1903,1807,68660,176885.0
1904,1807,68660,176885.0
1905,1807,68660,176885.0
1906,1808,68716,177025.0
1907,1810,68751,177127.5
1908,1811,68781,177202.5
1909,1811,68781,177202.5
1910,1811,68781,177202.5
1911,1812,68824,177310.0
1912,1812,68824,177310.0
1913,1812,68824,177310.0
1914,1815,68921,177582.5
1915,1818,69010,177835.0
1916,1818,69010,177835.0
1917,1818,69010,177835.0
1918,1819,69038,177905.0
1919,1820,69083,178017.5
1920,1821,69134,178145.0
1921,1825,69260,178490.0
1922,1826,69264,178545.0
1923,1828,69293,178647.5
1924,1830,69404,178925.0
1925,1830,69404,178925.0
1926,1831,69438,179010.0
1927,1832,69457,179057.5
1928,1832,69457,179057.5
1929,1834,69576,179355.0
1930,1834,69576,179355.0
1931,1835,69617,179457.5
1932,1836,69675,179602.5
1933,1837,69720,179715.0
1934,1839,69787,179882.5
1935,1840,69810,179940.0
1936,1840,69810,179940.0
1937,1842,69935,180252.5
1938,1844,70000,180415.0
1939,1844,70000,180415.0
1940,1845,70004,180470.0
1941,1847,70090,180685.0
1942,1849,70162,180865.0
1943,1850,70182,180915.0
1944,1851,70219,181007.5
1945,1852,70264,181120.0
1946,1852,70264,181120.0
1947,1853,70299,181207.5
1948,1853,70299,181207.5
1949,1855,70372,181390.0
1950,1855,70372,181390.0
1951,1856,70415,181497.5
1952,1859,70584,181920.0
1953,1861,70658,182105.0
1954,1862,70696,182200.0
1955,1863,70756,182350.0
1956,1864,70782,182415.0
1957,1866,70858,182605.0
1958,1866,70858,182605.0
1959,1869,70915,182777.5
1960,1872,71056,183130.0
1961,1874,71150,183365.0
1962,1875,71160,183420.0
1963,1875,71160,183420.0
1964,1878,71312,183800.0
1965,1879,71365,183932.5
1966,1879,71365,183932.5
1967,1879,71365,183932.5
1968,1880,71386,183985.0
1969,1880,71386,183985.0
1970,1880,71386,183985.0
1971,1881,71423,184077.5
1972,1881,71423,184077.5
1973,1884,71518,184345.0
1974,1885,71567,184467.5
1975,1886,71620,184600.0
1976,1887,71652,184680.0
1977,1888,71683,184757.5
1978,1888,71683,184757.5
1979,1891,71838,185145.0
1980,1893,71889,185287.5
1981,1893,71889,185287.5
1982,1896,71949,185467.5
1983,1897,71966,185510.0
1984,1902,72231,186172.5
1985,1903,72261,186247.5
1986,1904,72319,186392.5
1987,1904,72319,186392.5
1988,1905,72365,186507.5
1989,1905,72365,186507.5
1990,1905,72365,186507.5
1991,1907,72464,186755.0
1992,1907,72464,186755.0
1993,1907,72464,186755.0
1994,1908,72516,186885.0
1995,1908,72516,186885.0
1996,1910,72563,187002.5
1997,1911,72606,187110.0
1998,1912,72627,187162.5
1999,1913,72681,187297.5
2000,1914,72694,187345.0
2001,1915,72723,187417.5
2002,1918,72816,187665.0
2003,1919,72830,187715.0
2004,1919,72830,187715.0
2005,1919,72830,187715.0
2006,1920,72860,187790.0
2007,1920,72860,187790.0
2008,1921,72885,187852.5
2009,1922,72911,187917.5
2010,1922,72911,187917.5
2011,1924,72980,188090.0
2012,1925,73020,188190.0
2013,1926,73059,188287.5
2014,1929,73192,188620.0
2015,1929,73192,188620.0
2016,1929,73192,188620.0
2017,1929,73192,188620.0
2018,1929,73192,188620.0
2019,1932,73306,188905.0
2020,1934,73386,189120.0
2021,1934,73386,189120.0
2022,1935,73389,189172.5
2023,1936,73422,189255.0
2024,1936,73422,189255.0
2025,1937,73509,189472.5
2026,1939,73580,189650.0
2027,1939,73580,189650.0
2028,1941,73683,189907.5
2029,1943,73772,190130.0
2030,1943,73772,190130.0
2031,1944,73810,190225.0
2032,1944,73810,190225.0
2033,1944,73810,190225.0
2034,1945,73852,190330.0
2035,1946,73879,190397.5
2036,1946,73879,190397.5
2037,1948,73948,190585.0
2038,1949,73993,190697.5
2039,1950,74048,190835.0
2040,1950,74048,190835.0
2041,1952,74152,191095.0
2042,1952,74152,191095.0
2043,1953,74182,191170.0
2044,1954,74214,191250.0
2045,1954,74214,191250.0
2046,1954,74214,191250.0
2047,1955,74271,191392.5
2048,1955,74271,191392.5
2049,1955,74271,191392.5
2050,1957,74364,191625.0
2051,1957,74364,191625.0
2052,1959,74439,191812.5
2053,1959,74439,191812.5
2054,1959,74439,191812.5
2055,1959,74439,191812.5
2056,1959,74439,191812.5
2057,1960,74479,191912.5
2058,1960,74479,191912.5
2059,1960,74479,191912.5
2060,1960,74479,191912.5
2061,1962,74610,192240.0
2062,1962,74610,192240.0
2063,1962,74610,192240.0
2064,1962,74610,192240.0
2065,1962,74610,192240.0
2066,1963,74662,192370.0
2067,1963,74662,192370.0
2068,1964,74732,192545.0
2069,1965,74771,192642.5
2070,1965,74771,192642.5
2071,1965,74771,192642.5
2072,1965,74771,192642.5
2073,1965,74771,192642.5
2074,1965,74771,192642.5
2075,1965,74771,192642.5
2076,1965,74771,192642.5
2077,1965,74771,192642.5
2078,1965,74771,192642.5
2079,1965,74771,192642.5
2080,1965,74771,192642.5
2081,1966,74838,192810.0
2082,1966,74838,192810.0
2083,1966,74838,192810.0
2084,1966,74838,192810.0
2085,1966,74838,192810.0
2086,1966,74838,192810.0
2087,1966,74838,192810.0
2088,1967,74903,192972.5
2089,1967,74903,192972.5
2090,1968,75002,193220.0
2091,1968,75002,193220.0
2092,1968,75002,193220.0
2093,1969,75034,193300.0
